macrogen_id,brip_id,mac_id,other_id,dna_conc,gene_region,f_primer,r_primer,m13_vector,pcr_date,band_intensity,isolate_type,notes,M13F_qual>20,M13R_qual>20,direction,accession,organism,nt_match,nt_total,percent_match
1,BRIP-66142,MAC-17-43,CW-2A2,,TUB,T1,bt2b,Yes,21/02/2018,strong,Chris honours isolates,,617,621,M13F,KF170920.1,"Diaporthe fraxini-angustifoliae strain BRIP 54781 beta-tubulin gene, partial cds",697,746,93
1,BRIP-66142,MAC-17-43,CW-2A2,,TUB,T1,bt2b,Yes,21/02/2018,strong,Chris honours isolates,,617,621,M13R,KF170920.1,"Diaporthe fraxini-angustifoliae strain BRIP 54781 beta-tubulin gene, partial cds",698,766,91
2,BRIP-66143,MAC-17-44,CW-2A1,,TUB,T1,bt2b,Yes,28/02/2018,weak,Chris honours isolates,,17,17,M13F,-,-,-,-,-
2,BRIP-66143,MAC-17-44,CW-2A1,,TUB,T1,bt2b,Yes,28/02/2018,weak,Chris honours isolates,,17,17,M13R,-,-,-,-,-
3,BRIP-66144,MAC-17-45,CW-4A2,,TUB,T1,bt2b,Yes,21/02/2018,weak,Chris honours isolates,,70,153,M13F,-,-,-,-,-
3,BRIP-66144,MAC-17-45,CW-4A2,,TUB,T1,bt2b,Yes,21/02/2018,weak,Chris honours isolates,,70,153,M13R,KF576299.1,"Diaporthe lithocarpus strain CGMCC 3.17102 beta-tubulin gene, partial cds",222,245,91
4,BRIP-66145,MAC-17-46,CW-6A2,,TUB,T1,bt2b,Yes,21/02/2018,strong,Chris honours isolates,,786,781,M13F,KF170920.1,"Diaporthe fraxini-angustifoliae strain BRIP 54781 beta-tubulin gene, partial cds",726,749,97
4,BRIP-66145,MAC-17-46,CW-6A2,,TUB,T1,bt2b,Yes,21/02/2018,strong,Chris honours isolates,,786,781,M13R,KF170920.1,"Diaporthe fraxini-angustifoliae strain BRIP 54781 beta-tubulin gene, partial cds",732,756,97
5,BRIP-66146,MAC-17-47,CW5A-2,,TUB,T1,bt2b,Yes,21/02/2018,strong,Chris honours isolates,,48,270,M13F,KX186672.1,"Neopestalotiopsis sp. BRIP 63755a beta-tubulin gene, partial cds",28,28,100
5,BRIP-66146,MAC-17-47,CW5A-2,,TUB,T1,bt2b,Yes,21/02/2018,strong,Chris honours isolates,,48,270,M13R,KF576298.1,"Diaporthe lithocarpus strain LC0785 beta-tubulin gene, partial cds",350,388,90
6,BRIP-66147,MAC-17-48,CW-7A2,,TUB,T1,bt2b,Yes,21/02/2018,strong,Chris honours isolates,,778,778,M13F,KF170920.1,"Diaporthe fraxini-angustifoliae strain BRIP 54781 beta-tubulin gene, partial cds",719,741,97
6,BRIP-66147,MAC-17-48,CW-7A2,,TUB,T1,bt2b,Yes,21/02/2018,strong,Chris honours isolates,,778,778,M13R,KF170920.1,"Diaporthe fraxini-angustifoliae strain BRIP 54781 beta-tubulin gene, partial cds",732,756,97
7,BRIP-66149,MAC-17-50,CW-1B1,,TUB,T1,bt2b,Yes,21/02/2018,strong,Chris honours isolates,,759,763,M13F,KR262522.1,"Phomopsis sp. M2312 beta-tubulin gene, partial cds",724,750,97
7,BRIP-66149,MAC-17-50,CW-1B1,,TUB,T1,bt2b,Yes,21/02/2018,strong,Chris honours isolates,,759,763,M13R,KF170920.1,"Diaporthe fraxini-angustifoliae strain BRIP 54781 beta-tubulin gene, partial cds",731,756,97
8,BRIP-66150,MAC-17-51,CW-1B2,,TUB,T1,bt2b,Yes,21/02/2018,strong,Chris honours isolates,,690,633,M13F,KF170920.1,"Diaporthe fraxini-angustifoliae strain BRIP 54781 beta-tubulin gene, partial cds",708,740,96
8,BRIP-66150,MAC-17-51,CW-1B2,,TUB,T1,bt2b,Yes,21/02/2018,strong,Chris honours isolates,,690,633,M13R,KF170920.1,"Diaporthe fraxini-angustifoliae strain BRIP 54781 beta-tubulin gene, partial cds",702,756,93
9,BRIP-66151,MAC-17-52,CW-5B2,,TUB,T1,bt2b,Yes,21/02/2018,strong,Chris honours isolates,,521,626,M13F,KF170920.1,"Diaporthe fraxini-angustifoliae strain BRIP 54781 beta-tubulin gene, partial cds",676,751,90
9,BRIP-66151,MAC-17-52,CW-5B2,,TUB,T1,bt2b,Yes,21/02/2018,strong,Chris honours isolates,,521,626,M13R,KF170920.1,"Diaporthe fraxini-angustifoliae strain BRIP 54781 beta-tubulin gene, partial cds",705,754,94
10,BRIP-66152,MAC-17-53,,,TUB,T1,bt2b,Yes,21/02/2018,strong,Chris honours isolates,,766,755,M13F,KF170920.1,"Diaporthe fraxini-angustifoliae strain BRIP 54781 beta-tubulin gene, partial cds",719,740,97
10,BRIP-66152,MAC-17-53,,,TUB,T1,bt2b,Yes,21/02/2018,strong,Chris honours isolates,,766,755,M13R,KF170920.1,"Diaporthe fraxini-angustifoliae strain BRIP 54781 beta-tubulin gene, partial cds",732,755,97
11,BRIP-66153,MAC-17-54,,,TUB,T1,bt2b,Yes,21/02/2018,strong,Chris honours isolates,,714,535,M13F,KR262522.1,"Phomopsis sp. M2312 beta-tubulin gene, partial cds",724,752,96
11,BRIP-66153,MAC-17-54,,,TUB,T1,bt2b,Yes,21/02/2018,strong,Chris honours isolates,,714,535,M13R,KF576298.1,"Diaporthe lithocarpus strain LC0785 beta-tubulin gene, partial cds",404,418,97
12,BRIP-66154,MAC-17-55,,,TUB,T1,bt2b,Yes,21/02/2018,average,Chris honours isolates,,579,561,M13F,KR262522.1,"Phomopsis sp. M2312 beta-tubulin gene, partial cds",675,760,89
12,BRIP-66154,MAC-17-55,,,TUB,T1,bt2b,Yes,21/02/2018,average,Chris honours isolates,,579,561,M13R,KF170920.1,"Diaporthe fraxini-angustifoliae strain BRIP 54781 beta-tubulin gene, partial cds",684,774,88
13,BRIP-66155,MAC-17-56,,,TUB,T1,bt2b,Yes,28/02/2018,strong,Chris honours isolates,,181,135,M13F,KR262522.1,"Phomopsis sp. M2312 beta-tubulin gene, partial cds",191,211,91
13,BRIP-66155,MAC-17-56,,,TUB,T1,bt2b,Yes,28/02/2018,strong,Chris honours isolates,,181,135,M13R,KF576299.1,"Diaporthe lithocarpus strain CGMCC 3.17102 beta-tubulin gene, partial cds",216,238,91
14,BRIP-66156,MAC-17-57,,,TUB,T1,bt2b,Yes,21/02/2018,strong,Chris honours isolates,,759,743,M13F,KF170920.1,"Diaporthe fraxini-angustifoliae strain BRIP 54781 beta-tubulin gene, partial cds",719,741,97
14,BRIP-66156,MAC-17-57,,,TUB,T1,bt2b,Yes,21/02/2018,strong,Chris honours isolates,,759,743,M13R,KF170920.1,"Diaporthe fraxini-angustifoliae strain BRIP 54781 beta-tubulin gene, partial cds",731,756,97
15,BRIP-66516,,,0.17,ITS,ITS-5,ITS-4,Yes,28/02/2018,strong,South African isolates,,554,556,M13F,KR709036.1,"Phomopsis liquidambaris strain CGPJ-14 internal transcribed spacer 1, partial sequence; 5.8S ribosomal RNA gene and internal transcribed spacer 2, complete sequence; and 28S ribosomal RNA gene, partial sequence",532,533,99
15,BRIP-66516,,,0.17,ITS,ITS-5,ITS-4,Yes,28/02/2018,strong,South African isolates,,554,556,M13R,AF103000.1,"Phomopsis sp. strain FAU 1053 18S ribosomal RNA gene, partial sequence; internal transcribed spacer 1, 5.8S ribosomal RNA gene and internal transcribed spacer 2, complete sequence; and 28S ribosomal RNA gene, partial sequence",537,539,99
16,BRIP-66517,,,0.943,ITS,ITS-5,ITS-4,Yes,28/02/2018,strong,South African isolates,,551,556,M13F,KY327204.1,"Fungal sp. isolate Binglan viji internal transcribed spacer 1, 5.8S ribosomal RNA gene, and internal transcribed spacer 2, complete sequence; and 28S ribosomal RNA gene, partial sequence",530,539,98
16,BRIP-66517,,,0.943,ITS,ITS-5,ITS-4,Yes,28/02/2018,strong,South African isolates,,551,556,M13R,KX866869.1,"Diaporthe phaseolorum strain KFRD-28 small subunit ribosomal RNA gene, partial sequence; internal transcribed spacer 1, 5.8S ribosomal RNA gene, and internal transcribed spacer 2, complete sequence; and large subunit ribosomal RNA gene, partial sequence",545,564,97
17,BRIP-66518,,,0.229,ITS,ITS-5,ITS-4,Yes,28/02/2018,strong,South African isolates,,550,548,M13F,KX397026.1,"Phomopsis sp. xy21 small subunit ribosomal RNA gene, partial sequence; internal transcribed spacer 1, 5.8S ribosomal RNA gene, and internal transcribed spacer 2, complete sequence; and large subunit ribosomal RNA gene, partial sequence",570,588,97
17,BRIP-66518,,,0.229,ITS,ITS-5,ITS-4,Yes,28/02/2018,strong,South African isolates,,550,548,M13R,KX397026.1,"Phomopsis sp. xy21 small subunit ribosomal RNA gene, partial sequence; internal transcribed spacer 1, 5.8S ribosomal RNA gene, and internal transcribed spacer 2, complete sequence; and large subunit ribosomal RNA gene, partial sequence",575,591,97
18,BRIP-66519,,,0.136,ITS,ITS-5,ITS-4,Yes,28/02/2018,strong,South African isolates,,227,102,M13F,AB255260.1,"Phomopsis sp. JP42 genes for 18S rRNA, ITS1, 5.8S rRNA, ITS2, 28S rRNA, partial and complete sequence",457,533,86
18,BRIP-66519,,,0.136,ITS,ITS-5,ITS-4,Yes,28/02/2018,strong,South African isolates,,227,102,M13R,-,-,-,-,-
19,BRIP-66520,,,0.646,ITS,ITS-5,ITS-4,Yes,28/02/2018,strong,South African isolates,,487,477,M13F,HQ719230.1,"Uncultured fungus clone WT18 18S ribosomal RNA gene, partial sequence; internal transcribed spacer 1, 5.8S ribosomal RNA gene, and internal transcribed spacer 2, complete sequence; and 28S ribosomal RNA gene, partial sequence",510,511,99
19,BRIP-66520,,,0.646,ITS,ITS-5,ITS-4,Yes,28/02/2018,strong,South African isolates,,487,477,M13R,HQ719230.1,"Uncultured fungus clone WT18 18S ribosomal RNA gene, partial sequence; internal transcribed spacer 1, 5.8S ribosomal RNA gene, and internal transcribed spacer 2, complete sequence; and 28S ribosomal RNA gene, partial sequence",503,510,99
20,BRIP-66521,,,0.173,ITS,ITS-5,ITS-4,Yes,28/02/2018,strong,South African isolates,,552,562,M13F,AB369483.1,"Phomopsis sp. BFM-L45 genes for 18S rRNA, ITS1, 5.8S rRNA, ITS2, 28S rRNA, partial and complete sequence",547,549,99
20,BRIP-66521,,,0.173,ITS,ITS-5,ITS-4,Yes,28/02/2018,strong,South African isolates,,552,562,M13R,AF103000.1,"Phomopsis sp. strain FAU 1053 18S ribosomal RNA gene, partial sequence; internal transcribed spacer 1, 5.8S ribosomal RNA gene and internal transcribed spacer 2, complete sequence; and 28S ribosomal RNA gene, partial sequence",568,573,99
21,BRIP-66522,,,0.333,ITS,ITS-5,ITS-4,Yes,28/02/2018,strong,South African isolates,,557,560,M13F,KX397026.1,"Phomopsis sp. xy21 small subunit ribosomal RNA gene, partial sequence; internal transcribed spacer 1, 5.8S ribosomal RNA gene, and internal transcribed spacer 2, complete sequence; and large subunit ribosomal RNA gene, partial sequence",529,536,99
21,BRIP-66522,,,0.333,ITS,ITS-5,ITS-4,Yes,28/02/2018,strong,South African isolates,,557,560,M13R,KX397026.1,"Phomopsis sp. xy21 small subunit ribosomal RNA gene, partial sequence; internal transcribed spacer 1, 5.8S ribosomal RNA gene, and internal transcribed spacer 2, complete sequence; and large subunit ribosomal RNA gene, partial sequence",533,540,99
22,BRIP-66523,,,0.066,ITS,ITS-5,ITS-4,Yes,13/03/2018,strong,South African isolates,,556,544,M13F,KR709036.1,"Phomopsis liquidambaris strain CGPJ-14 internal transcribed spacer 1, partial sequence; 5.8S ribosomal RNA gene and internal transcribed spacer 2, complete sequence; and 28S ribosomal RNA gene, partial sequence",535,536,99
22,BRIP-66523,,,0.066,ITS,ITS-5,ITS-4,Yes,13/03/2018,strong,South African isolates,,556,544,M13R,AF103000.1,"Phomopsis sp. strain FAU 1053 18S ribosomal RNA gene, partial sequence; internal transcribed spacer 1, 5.8S ribosomal RNA gene and internal transcribed spacer 2, complete sequence; and 28S ribosomal RNA gene, partial sequence",540,543,99
23,BRIP-66524,,,0.367,ITS,ITS-5,ITS-4,Yes,28/02/2018,strong,South African isolates,,552,546,M13F,AB369483.1,"Phomopsis sp. BFM-L45 genes for 18S rRNA, ITS1, 5.8S rRNA, ITS2, 28S rRNA, partial and complete sequence",544,548,99
23,BRIP-66524,,,0.367,ITS,ITS-5,ITS-4,Yes,28/02/2018,strong,South African isolates,,552,546,M13R,AF103000.1,"Phomopsis sp. strain FAU 1053 18S ribosomal RNA gene, partial sequence; internal transcribed spacer 1, 5.8S ribosomal RNA gene and internal transcribed spacer 2, complete sequence; and 28S ribosomal RNA gene, partial sequence",586,597,98
24,BRIP-66525,,,0.226,ITS,ITS-5,ITS-4,Yes,28/02/2018,strong,South African isolates,,524,582,M13F,KY962983.1,"Diaporthe sp. isolate A4 small subunit ribosomal RNA gene, partial sequence; internal transcribed spacer 1, 5.8S ribosomal RNA gene, and internal transcribed spacer 2, complete sequence; and large subunit ribosomal RNA gene, partial sequence",527,543,97
24,BRIP-66525,,,0.226,ITS,ITS-5,ITS-4,Yes,28/02/2018,strong,South African isolates,,524,582,M13R,KP747693.1,"Diaporthe foeniculina voucher BA8 18S ribosomal RNA gene, partial sequence; internal transcribed spacer 1 and 5.8S ribosomal RNA gene, complete sequence; and internal transcribed spacer 2, partial sequence",531,546,97
25,BRIP-66526,,,0.205,ITS,ITS-5,ITS-4,Yes,28/02/2018,strong,South African isolates,,538,538,M13F,HQ130721.1,"Phomopsis sp. WF167W 18S ribosomal RNA gene, partial sequence; internal transcribed spacer 1, 5.8S ribosomal RNA gene, and internal transcribed spacer 2, complete sequence; and 28S ribosomal RNA gene, partial sequence",538,545,99
25,BRIP-66526,,,0.205,ITS,ITS-5,ITS-4,Yes,28/02/2018,strong,South African isolates,,538,538,M13R,KJ869137.1,"Diaporthe vangueriae strain CPC 22703 culture-collection CBS:137985 18S ribosomal RNA gene, partial sequence; internal transcribed spacer 1, 5.8S ribosomal RNA gene, and internal transcribed spacer 2, complete sequence; and 28S ribsomal RNA gene, partial sequence",570,593,96
26,BRIP-66527,,,0.128,ITS,ITS-5,ITS-4,Yes,28/02/2018,strong,South African isolates,,74,30,M13F,HG936907.1,"Uncultured Paecilomyces genomic DNA containing 18S rRNA gene, ITS1, 5.8S rRNA gene, ITS2 and 28S rRNA gene, clone 09S50C58 (MOTU101)",92,111,83
26,BRIP-66527,,,0.128,ITS,ITS-5,ITS-4,Yes,28/02/2018,strong,South African isolates,,74,30,M13R,-,-,-,-,-
27,BRIP-66528,,,0.265,ITS,ITS-5,ITS-4,Yes,28/02/2018,strong,South African isolates,,42,557,M13F,JX361444.1,"Uncultured fungus clone 038A44690 18S ribosomal RNA gene, partial sequence; internal transcribed spacer 1, complete sequence; and 5.8S ribosomal RNA gene, partial sequence",103,123,84
27,BRIP-66528,,,0.265,ITS,ITS-5,ITS-4,Yes,28/02/2018,strong,South African isolates,,42,557,M13R,KX020566.1,"Phomopsis sp. strain H213 18S ribosomal RNA gene, partial sequence; internal transcribed spacer 1, 5.8S ribosomal RNA gene, and internal transcribed spacer 2, complete sequence; and 28S ribosomal RNA gene, partial sequence",578,586,99
28,BRIP-66529,,,0.191,ITS,ITS-5,ITS-4,Yes,28/02/2018,strong,South African isolates,,552,543,M13F,HQ130721.1,"Phomopsis sp. WF167W 18S ribosomal RNA gene, partial sequence; internal transcribed spacer 1, 5.8S ribosomal RNA gene, and internal transcribed spacer 2, complete sequence; and 28S ribosomal RNA gene, partial sequence",540,546,99
28,BRIP-66529,,,0.191,ITS,ITS-5,ITS-4,Yes,28/02/2018,strong,South African isolates,,552,543,M13R,KM979805.1,"Phomopsis sp. F122 18S ribosomal RNA gene, partial sequence; internal transcribed spacer 1, 5.8S ribosomal RNA gene, and internal transcribed spacer 2, complete sequence; and 28S ribosomal RNA gene, partial sequence",552,563,98
29,BRIP-66516,,,0.17,TUB,T1,bt2b,Yes,21/02/2018,strong,South African isolates,,616,575,M13F,KF170920.1,"Diaporthe fraxini-angustifoliae strain BRIP 54781 beta-tubulin gene, partial cds",699,735,95
29,BRIP-66516,,,0.17,TUB,T1,bt2b,Yes,21/02/2018,strong,South African isolates,,616,575,M13R,KF170920.1,"Diaporthe fraxini-angustifoliae strain BRIP 54781 beta-tubulin gene, partial cds",670,759,88
30,BRIP-66517,,,0.943,TUB,T1,bt2b,Yes,21/02/2018,strong,South African isolates,,765,671,M13F,KF170920.1,"Diaporthe fraxini-angustifoliae strain BRIP 54781 beta-tubulin gene, partial cds",712,735,97
30,BRIP-66517,,,0.943,TUB,T1,bt2b,Yes,21/02/2018,strong,South African isolates,,765,671,M13R,KF170920.1,"Diaporthe fraxini-angustifoliae strain BRIP 54781 beta-tubulin gene, partial cds",715,753,95
31,BRIP-66518,,,0.229,TUB,T1,bt2b,Yes,21/02/2018,average,South African isolates,,707,94,M13F,KF170920.1,"Diaporthe fraxini-angustifoliae strain BRIP 54781 beta-tubulin gene, partial cds",709,735,96
31,BRIP-66518,,,0.229,TUB,T1,bt2b,Yes,21/02/2018,average,South African isolates,,707,94,M13R,KC145169.1,"Phomopsis sp. CYP3 18S ribosomal RNA gene, partial sequence; internal transcribed spacer 1 and 5.8S ribosomal RNA gene, complete sequence; and internal transcribed spacer 2, partial sequence",424,494,86
32,BRIP-66519,,,0.136,TUB,T1,bt2b,Yes,21/02/2018,weak,South African isolates,,152,132,M13F,KX020566.1,"Phomopsis sp. strain H213 18S ribosomal RNA gene, partial sequence; internal transcribed spacer 1, 5.8S ribosomal RNA gene, and internal transcribed spacer 2, complete sequence; and 28S ribosomal RNA gene, partial sequence",437,496,88
32,BRIP-66519,,,0.136,TUB,T1,bt2b,Yes,21/02/2018,weak,South African isolates,,152,132,M13R,HQ130721.1,"Phomopsis sp. WF167W 18S ribosomal RNA gene, partial sequence; internal transcribed spacer 1, 5.8S ribosomal RNA gene, and internal transcribed spacer 2, complete sequence; and 28S ribosomal RNA gene, partial sequence",437,511,86
33,BRIP-66520,,,0.646,TUB,T1,bt2b,Yes,21/02/2018,strong,South African isolates,,754,767,M13F,KP213109.1,"Phialemonium dimorphosporum isolate IBVD02 beta-tubulin gene, translation elongation factor 1-alpha gene, partial cds; and translation elongation factor 1-alpha gene, partial cds",389,436,89
33,BRIP-66520,,,0.646,TUB,T1,bt2b,Yes,21/02/2018,strong,South African isolates,,754,767,M13R,KP213109.1,"Phialemonium dimorphosporum isolate IBVD02 beta-tubulin gene, translation elongation factor 1-alpha gene, partial cds; and translation elongation factor 1-alpha gene, partial cds",382,438,87
34,BRIP-66521,,,0.173,TUB,T1,bt2b,Yes,21/02/2018,strong,South African isolates,,391,268,M13F,KC344002.1,"Diaporthe arengae strain CBS 114979 beta-tubulin gene, partial cds",381,399,95
34,BRIP-66521,,,0.173,TUB,T1,bt2b,Yes,21/02/2018,strong,South African isolates,,391,268,M13R,KT207659.1,"Diaporthe arecae strain KUC21243 beta-tubulin gene, partial cds",295,309,95
35,BRIP-66522,,,0.333,TUB,T1,bt2b,Yes,28/02/2018,weak,South African isolates,,170,22,M13F,KC344002.1,"Diaporthe arengae strain CBS 114979 beta-tubulin gene, partial cds",225,240,94
35,BRIP-66522,,,0.333,TUB,T1,bt2b,Yes,28/02/2018,weak,South African isolates,,170,22,M13R,-,-,-,-,-
36,BRIP-66523,,,0.066,TUB,T1,bt2b,Yes,21/02/2018,average,South African isolates,,365,219,M13F,KC344002.1,"Diaporthe arengae strain CBS 114979 beta-tubulin gene, partial cds",328,346,95
36,BRIP-66523,,,0.066,TUB,T1,bt2b,Yes,21/02/2018,average,South African isolates,,365,219,M13R,KT207659.1,"Diaporthe arecae strain KUC21243 beta-tubulin gene, partial cds",276,300,92
37,BRIP-66524,,,0.367,TUB,T1,bt2b,Yes,21/02/2018,average,South African isolates,,433,370,M13F,KC344002.1,"Diaporthe arengae strain CBS 114979 beta-tubulin gene, partial cds",368,381,97
37,BRIP-66524,,,0.367,TUB,T1,bt2b,Yes,21/02/2018,average,South African isolates,,433,370,M13R,KF170920.1,"Diaporthe fraxini-angustifoliae strain BRIP 54781 beta-tubulin gene, partial cds",635,777,82
38,BRIP-66525,,,0.226,TUB,T1,bt2b,Yes,1/03/2018,weak,South African isolates,,225,18,M13F,KP213109.1,"Phialemonium dimorphosporum isolate IBVD02 beta-tubulin gene, translation elongation factor 1-alpha gene, partial cds; and translation elongation factor 1-alpha gene, partial cds",279,338,83
38,BRIP-66525,,,0.226,TUB,T1,bt2b,Yes,1/03/2018,weak,South African isolates,,225,18,M13R,-,-,-,-,-
39,BRIP-66526,,,0.205,TUB,T1,bt2b,Yes,21/02/2018,weak,South African isolates,,264,110,M13F,KC343992.1,"Diaporthe anacardii strain CBS 720.97 beta-tubulin gene, partial cds",292,294,99
39,BRIP-66526,,,0.205,TUB,T1,bt2b,Yes,21/02/2018,weak,South African isolates,,264,110,M13R,KC343992.1,"Diaporthe anacardii strain CBS 720.97 beta-tubulin gene, partial cds",143,153,93
40,BRIP-66527,,,0.128,TUB,T1,bt2b,Yes,1/03/2018,weak,South African isolates,,0,213,M13F,-,-,-,-,-
40,BRIP-66527,,,0.128,TUB,T1,bt2b,Yes,1/03/2018,weak,South African isolates,,0,213,M13R,JF773672.1,"Diaporthales sp. CHTAM85 18S ribosomal RNA gene, partial sequence; internal transcribed spacer 1, 5.8S ribosomal RNA gene, and internal transcribed spacer 2, complete sequence; and 28S ribosomal RNA gene, partial sequence",462,508,91
41,BRIP-66528,,,0.265,TUB,T1,bt2b,Yes,21/02/2018,weak,South African isolates,,423,402,M13F,KC344176.1,"Diaporthe sp. 6 RG-2013 strain CBS 115595 beta-tubulin gene, partial cds",296,305,97
41,BRIP-66528,,,0.265,TUB,T1,bt2b,Yes,21/02/2018,weak,South African isolates,,423,402,M13R,KF170925.1,"Diaporthe litchicola strain BRIP 54900 beta-tubulin gene, partial cds",300,315,95
42,BRIP-66529,,,0.191,TUB,T1,bt2b,Yes,21/02/2018,weak,South African isolates,,19,8,M13F,-,-,-,-,-
42,BRIP-66529,,,0.191,TUB,T1,bt2b,Yes,21/02/2018,weak,South African isolates,,19,8,M13R,-,-,-,-,-
43,,MAC-16-03,,,TUB,T1,bt2b,Yes,1/03/2018,strong,Olumide isolates,,365,331,M13F,KC344002.1,"Diaporthe arengae strain CBS 114979 beta-tubulin gene, partial cds",410,428,96
43,,MAC-16-03,,,TUB,T1,bt2b,Yes,1/03/2018,strong,Olumide isolates,,365,331,M13R,LC086652.1,"Diaporthe sp. R. Kirschner 4162 gene, beta tubulin, partial sequence",345,358,96
44,,MAC-16-06,,,TUB,T1,bt2b,Yes,1/03/2018,average,Olumide isolates,,175,50,M13F,KC344111.1,"Diaporthe musigena strain CBS 129519 beta-tubulin gene, partial cds",242,258,94
44,,MAC-16-06,,,TUB,T1,bt2b,Yes,1/03/2018,average,Olumide isolates,,175,50,M13R,KP293463.1,"Diaporthe hongkongensis strain LC3378 beta-tubulin (TUB) gene, partial cds",166,202,82
45,,MAC-16-07,,,TUB,T1,bt2b,Yes,1/03/2018,strong,Olumide isolates,only ~12ul PCR product left: may not sequence properly,751,735,M13F,KF170920.1,"Diaporthe fraxini-angustifoliae strain BRIP 54781 beta-tubulin gene, partial cds",738,738,100
45,,MAC-16-07,,,TUB,T1,bt2b,Yes,1/03/2018,strong,Olumide isolates,only ~12ul PCR product left: may not sequence properly,751,735,M13R,KF170920.1,"Diaporthe fraxini-angustifoliae strain BRIP 54781 beta-tubulin gene, partial cds",738,740,99
46,,MAC-16-09,,,TUB,T1,bt2b,Yes,1/03/2018,strong,Olumide isolates,,570,609,M13F,KF170920.1,"Diaporthe fraxini-angustifoliae strain BRIP 54781 beta-tubulin gene, partial cds",691,764,90
46,,MAC-16-09,,,TUB,T1,bt2b,Yes,1/03/2018,strong,Olumide isolates,,570,609,M13R,KF170920.1,"Diaporthe fraxini-angustifoliae strain BRIP 54781 beta-tubulin gene, partial cds",684,774,88
47,,MAC-16-10,,,TUB,T1,bt2b,Yes,1/03/2018,contam,Olumide isolates,Original DNA appears contaminated,246,132,M13F,KC344087.1,"Diaporthe hongkongensis strain CBS 115448 beta-tubulin gene, partial cds",262,270,97
47,,MAC-16-10,,,TUB,T1,bt2b,Yes,1/03/2018,contam,Olumide isolates,Original DNA appears contaminated,246,132,M13R,KF576299.1,"Diaporthe lithocarpus strain CGMCC 3.17102 beta-tubulin gene, partial cds",162,165,98
48,,MAC-16-12,,,TUB,T1,bt2b,Yes,1/03/2018,weak,Olumide isolates,,135,0,M13F,KC344087.1,"Diaporthe hongkongensis strain CBS 115448 beta-tubulin gene, partial cds",152,156,97
48,,MAC-16-12,,,TUB,T1,bt2b,Yes,1/03/2018,weak,Olumide isolates,,135,0,M13R,-,-,-,-,-
50,,MAC-16-14,,,TUB,T1,bt2b,Yes,1/03/2018,strong,Olumide isolates,,17,529,M13F,-,-,-,-,-
51,,MAC-16-15,,,TUB,T1,bt2b,Yes,1/03/2018,strong,Olumide isolates,,548,558,M13R,KF170920.1,"Diaporthe fraxini-angustifoliae strain BRIP 54781 beta-tubulin gene, partial cds",687,741,93
52,,MAC-16-17,,,TUB,T1,bt2b,Yes,1/03/2018,strong,Olumide isolates,,587,549,M13R,KF170920.1,"Diaporthe fraxini-angustifoliae strain BRIP 54781 beta-tubulin gene, partial cds",633,689,92
53,,MAC-16-18,,,TUB,T1,bt2b,Yes,1/03/2018,strong,Olumide isolates,,420,472,M13F,KC344002.1,"Diaporthe arengae strain CBS 114979 beta-tubulin gene, partial cds",330,343,96
54,,MAC-16-20,,,TUB,T1,bt2b,Yes,1/03/2018,strong,Olumide isolates,,778,741,M13F,KF170920.1,"Diaporthe fraxini-angustifoliae strain BRIP 54781 beta-tubulin gene, partial cds",719,740,97
55,,MAC-16-23,,,TUB,T1,bt2b,Yes,1/03/2018,strong,Olumide isolates,,439,465,M13F,KF170920.1,"Diaporthe fraxini-angustifoliae strain BRIP 54781 beta-tubulin gene, partial cds",641,752,85
55,,MAC-16-23,,,TUB,T1,bt2b,Yes,1/03/2018,strong,Olumide isolates,,439,465,M13R,KF170920.1,"Diaporthe fraxini-angustifoliae strain BRIP 54781 beta-tubulin gene, partial cds",652,763,85
56,,MAC-16-24,,,TUB,T1,bt2b,Yes,1/03/2018,strong,Olumide isolates,,693,650,M13R,KF170920.1,"Diaporthe fraxini-angustifoliae strain BRIP 54781 beta-tubulin gene, partial cds",705,751,94
57,,MAC-16-29,,,TUB,T1,bt2b,Yes,1/03/2018,strong,Olumide isolates,,749,692,M13F,KR262522.1,"Phomopsis sp. M2312 beta-tubulin gene, partial cds",731,749,98
59,,MAC-16-33,,,TUB,T1,bt2b,Yes,1/03/2018,strong,Olumide isolates,,756,728,M13R,KF170920.1,"Diaporthe fraxini-angustifoliae strain BRIP 54781 beta-tubulin gene, partial cds",722,744,97
60,,MAC-16-34,,,TUB,T1,bt2b,Yes,1/03/2018,strong,Olumide isolates,,759,583,M13F,KF170920.1,"Diaporthe fraxini-angustifoliae strain BRIP 54781 beta-tubulin gene, partial cds",717,737,97
62,BRIP64227,MAC-15-64,,,ITS,ITS-5,ITS-4,Yes,5/03/2018,average,Femi husk rot series isolates,,453,463,M13F,KU997399.1,"Neofusicoccum parvum isolate CMW28386 18S ribosomal RNA gene, partial sequence; internal transcribed spacer 1 and 5.8S ribosomal RNA gene, complete sequence; and internal transcribed spacer 2, partial sequence",509,542,94
64,BRIP64232,HR 4,,,ITS,ITS-5,ITS-4,Yes,5/03/2018,average,Femi husk rot series isolates,,483,501,M13F,KY883374.1,"Phomopsis sp. strain CB1 internal transcribed spacer 1, partial sequence; 5.8S ribosomal RNA gene and internal transcribed spacer 2, complete sequence; and large subunit ribosomal RNA gene, partial sequence",518,540,96
65,BRIP64233,HR 5,,,ITS,ITS-5,ITS-4,Yes,5/03/2018,average,Femi husk rot series isolates,,91,40,M13F,KC344002.1,"Diaporthe arengae strain CBS 114979 beta-tubulin gene, partial cds",386,475,81
65,BRIP64233,HR 5,,,ITS,ITS-5,ITS-4,Yes,5/03/2018,average,Femi husk rot series isolates,,91,40,M13R,-,-,-,-,-
66,BRIP64239,HR 17,,,ITS,ITS-5,ITS-4,Yes,5/03/2018,average,Femi husk rot series isolates,,46,56,M13F,-,-,-,-,-
66,BRIP64239,HR 17,,,ITS,ITS-5,ITS-4,Yes,5/03/2018,average,Femi husk rot series isolates,,46,56,M13R,-,-,-,-,-
67,BRIP64244,HR 6,,,ITS,ITS-5,ITS-4,Yes,13/03/2018,strong,Femi husk rot series isolates,,554,543,M13F,KY883374.1,"Phomopsis sp. strain CB1 internal transcribed spacer 1, partial sequence; 5.8S ribosomal RNA gene and internal transcribed spacer 2, complete sequence; and large subunit ribosomal RNA gene, partial sequence",529,537,99
69,BRIP64228,MAC-15-65,,,TUB,T1,bt2b,Yes,5/03/2018,strong,Femi husk rot series isolates,,777,777,M13F,KF170920.1,"Diaporthe fraxini-angustifoliae strain BRIP 54781 beta-tubulin gene, partial cds",721,742,97
69,BRIP64228,MAC-15-65,,,TUB,T1,bt2b,Yes,5/03/2018,strong,Femi husk rot series isolates,,777,777,M13R,KF170920.1,"Diaporthe fraxini-angustifoliae strain BRIP 54781 beta-tubulin gene, partial cds",732,755,97
70,BRIP64232,HR 4,,,TUB,T1,bt2b,Yes,5/03/2018,strong,Femi husk rot series isolates,,578,564,M13R,KF170920.1,"Diaporthe fraxini-angustifoliae strain BRIP 54781 beta-tubulin gene, partial cds",689,773,89
71,BRIP64233,HR 5,,,TUB,T1,bt2b,Yes,8/03/2018,weak,Femi husk rot series isolates,,703,702,M13R,KF170920.1,"Diaporthe fraxini-angustifoliae strain BRIP 54781 beta-tubulin gene, partial cds",724,756,96
72,BRIP64239,HR 17,,,TUB,T1,bt2b,Yes,8/03/2018,average,Femi husk rot series isolates,,90,673,M13F,-,-,-,-,-
74,BRIP-66142,MAC-17-43,,,EF,EF-728F,EF-986R,Yes,5/03/2018,dimer,Chris honours isolates,,98,122,M13F,KF576255.1,"Diaporthe lithocarpus strain CGMCC 3.17101 translation elongation factor 1-alpha (tef1-alpha) gene, partial cds",220,267,82
74,BRIP-66142,MAC-17-43,,,EF,EF-728F,EF-986R,Yes,5/03/2018,dimer,Chris honours isolates,,98,122,M13R,KC153093.1,"Phomopsis lithocarpus strain CGMCC 3.15176 translation elongation factor 1-alpha (EF1-a) gene, partial cds",190,236,81
75,BRIP-66146,MAC-17-47,,,EF,EF-728F,EF-986R,Yes,5/03/2018,dimer,Chris honours isolates,,276,328,M13F,KR493659.1,"Neopestalotiopsis sp. 11 AS-2015 strain VTsin1 translation elongation factor 1-alpha (tef1) gene, partial cds",229,232,99
75,BRIP-66146,MAC-17-47,,,EF,EF-728F,EF-986R,Yes,5/03/2018,dimer,Chris honours isolates,,276,328,M13R,KR493659.1,"Neopestalotiopsis sp. 11 AS-2015 strain VTsin1 translation elongation factor 1-alpha (tef1) gene, partial cds",237,238,99
76,BRIP-66516,,,,EF,EF-728F,EF-986R,Yes,5/03/2018,weak,South African isolates,,22,20,M13F,-,-,-,-,-
76,BRIP-66516,,,,EF,EF-728F,EF-986R,Yes,5/03/2018,weak,South African isolates,,22,20,M13R,-,-,-,-,-
77,BRIP-66517,,,,EF,EF-728F,EF-986R,Yes,5/03/2018,weak,South African isolates,,108,99,M13F,JX371841.1,"Uncultured fungus clone 036A17552 18S ribosomal RNA gene, partial sequence; internal transcribed spacer 1, complete sequence; and 5.8S ribosomal RNA gene, partial sequence",136,165,82
77,BRIP-66517,,,,EF,EF-728F,EF-986R,Yes,5/03/2018,weak,South African isolates,,108,99,M13R,-,-,-,-,-
78,BRIP-66518,,,,EF,EF-728F,EF-986R,Yes,5/03/2018,weak,South African isolates,,25,26,M13F,-,-,-,-,-
78,BRIP-66518,,,,EF,EF-728F,EF-986R,Yes,5/03/2018,weak,South African isolates,,25,26,M13R,-,-,-,-,-
79,,MAC-16-09,,,EF,EF-728F,EF-986R,Yes,5/03/2018,weak,Olumide isolates,,189,245,M13F,KR493659.1,"Neopestalotiopsis sp. 11 AS-2015 strain VTsin1 translation elongation factor 1-alpha (tef1) gene, partial cds",220,224,98
79,,MAC-16-09,,,EF,EF-728F,EF-986R,Yes,5/03/2018,weak,Olumide isolates,,189,245,M13R,KR493643.1,"Neopestalotiopsis sp. 9 AS-2015 strain BPca1 translation elongation factor 1-alpha (tef1) gene, partial cds",234,237,99
80,,MAC-16-12,,,EF,EF-728F,EF-986R,Yes,5/03/2018,dimer,Olumide isolates,,26,313,M13F,-,-,-,-,-
80,,MAC-16-12,,,EF,EF-728F,EF-986R,Yes,5/03/2018,dimer,Olumide isolates,,26,313,M13R,KR493659.1,"Neopestalotiopsis sp. 11 AS-2015 strain VTsin1 translation elongation factor 1-alpha (tef1) gene, partial cds",224,225,99
84,BRIP-66527,,,,TUB,T1,bt2b,Yes,13/03/2018,weak,South African isolates,,20,5,M13R,-,-,-,-,-
86,BRIP-66529,,,,TUB,T1,bt2b,Yes,13/03/2018,weak,South African isolates,,342,207,M13F,KC343992.1,"Diaporthe anacardii strain CBS 720.97 beta-tubulin gene, partial cds",322,328,98
86,BRIP-66529,,,,TUB,T1,bt2b,Yes,13/03/2018,weak,South African isolates,,342,207,M13R,KC343992.1,"Diaporthe anacardii strain CBS 720.97 beta-tubulin gene, partial cds",269,289,93
87,BRIP-66528,,,,EF,EF-728F,EF-986R,Yes,13/03/2018,weak,South African isolates,,6,6,M13F,-,-,-,-,-
87,BRIP-66528,,,,EF,EF-728F,EF-986R,Yes,13/03/2018,weak,South African isolates,,6,6,M13R,-,-,-,-,-
88,BRIP-66529,,,,EF,EF-728F,EF-986R,Yes,13/03/2018,weak,South African isolates,,5,4,M13F,-,-,-,-,-
88,BRIP-66529,,,,EF,EF-728F,EF-986R,Yes,13/03/2018,weak,South African isolates,,5,4,M13R,-,-,-,-,-
89,BRIP-66147,MAC-17-48,,,EF,EF-728F,EF-986R,Yes,13/03/2018,weak,Chris honours isolates,,10,3,M13F,-,-,-,-,-
89,BRIP-66147,MAC-17-48,,,EF,EF-728F,EF-986R,Yes,13/03/2018,weak,Chris honours isolates,,10,3,M13R,-,-,-,-,-
90,BRIP-66152,MAC-17-53,,,EF,EF-728F,EF-986R,Yes,13/03/2018,weak,Chris honours isolates,,0,4,M13F,-,-,-,-,-
90,BRIP-66152,MAC-17-53,,,EF,EF-728F,EF-986R,Yes,13/03/2018,weak,Chris honours isolates,,0,4,M13R,-,-,-,-,-
91,,MAC-16-03,,,ITS,ITS-5,ITS-4,Yes,13/03/2018,average,Olumide Isolates,,545,572,M13F,NR_137103.1,Diaporthe fraxini-angustifoliae BRIP 54781 ITS region; from TYPE material,525,527,99
92,,MAC-16-06,,,ITS,ITS-5,ITS-4,Yes,13/03/2018,average,Olumide Isolates,,548,560,M13F,JF951138.1,"Diaporthe musigena culture-collection CPC:17025 18S ribosomal RNA gene, partial sequence; internal transcribed spacer 1, 5.8S ribosomal RNA gene, and internal transcribed spacer 2, complete sequence; and 28S ribosomal RNA gene, partial sequence",523,524,99
93,,MAC-16-07,,,ITS,ITS-5,ITS-4,Yes,13/03/2018,average,Olumide Isolates,,575,548,M13F,AB245060.1,"Phomopsis sp. MAFF 237040 genes for ITS1, 5.8S rRNA, ITS2, partial and complete sequence",501,512,98
93,,MAC-16-07,,,ITS,ITS-5,ITS-4,Yes,13/03/2018,average,Olumide Isolates,,575,548,M13R,AB245060.1,"Phomopsis sp. MAFF 237040 genes for ITS1, 5.8S rRNA, ITS2, partial and complete sequence",481,492,98
96,,MAC-16-13,,,ITS,ITS-5,ITS-4,Yes,13/03/2018,average,Olumide Isolates,,557,555,M13F,KY883374.1,"Phomopsis sp. strain CB1 internal transcribed spacer 1, partial sequence; 5.8S ribosomal RNA gene and internal transcribed spacer 2, complete sequence; and large subunit ribosomal RNA gene, partial sequence",528,539,98
100,,MAC-16-18,,,ITS,ITS-5,ITS-4,Yes,13/03/2018,average,Olumide Isolates,,547,548,M13R,KT758124.1,"Uncultured fungus clone DXYITS56 small subunit ribosomal RNA gene, partial sequence; internal transcribed spacer 1, 5.8S ribosomal RNA gene, and internal transcribed spacer 2, complete sequence; and large subunit ribosomal RNA gene, partial sequence",530,541,98
101,,MAC-16-20,,,ITS,ITS-5,ITS-4,Yes,13/03/2018,average,Olumide Isolates,,451,457,M13R,KT758124.1,"Uncultured fungus clone DXYITS56 small subunit ribosomal RNA gene, partial sequence; internal transcribed spacer 1, 5.8S ribosomal RNA gene, and internal transcribed spacer 2, complete sequence; and large subunit ribosomal RNA gene, partial sequence",529,545,97
105,,MAC-16-32,,,ITS,ITS-5,ITS-4,Yes,13/03/2018,average,Olumide Isolates,,541,541,M13R,KX397026.1,"Phomopsis sp. xy21 small subunit ribosomal RNA gene, partial sequence; internal transcribed spacer 1, 5.8S ribosomal RNA gene, and internal transcribed spacer 2, complete sequence; and large subunit ribosomal RNA gene, partial sequence",534,541,99
106,,MAC-16-33,,,ITS,ITS-5,ITS-4,Yes,13/03/2018,average,Olumide Isolates,,540,548,M13F,KR708977.1,"Phomopsis liquidambaris strain 7AJ-3 internal transcribed spacer 1, partial sequence; 5.8S ribosomal RNA gene and internal transcribed spacer 2, complete sequence; and 28S ribosomal RNA gene, partial sequence",530,534,99
107,,MAC-16-34,,,ITS,ITS-5,ITS-4,Yes,13/03/2018,average,Olumide Isolates,,534,513,M13F,KR708977.1,"Phomopsis liquidambaris strain 7AJ-3 internal transcribed spacer 1, partial sequence; 5.8S ribosomal RNA gene and internal transcribed spacer 2, complete sequence; and 28S ribosomal RNA gene, partial sequence",528,534,99
107,,MAC-16-34,,,ITS,ITS-5,ITS-4,Yes,13/03/2018,average,Olumide Isolates,,534,513,M13R,FJ441623.1,"Phomopsis phyllanthicola strain msy55 18S ribosomal RNA gene, partial sequence; internal transcribed spacer 1, 5.8S ribosomal RNA gene, and internal transcribed spacer 2, complete sequence; and 28S ribosomal RNA gene, partial sequence",534,540,99
108,,MAC-16-38,,,ITS,ITS-5,ITS-4,Yes,13/03/2018,average,Olumide Isolates,,523,539,M13F,GU066691.1,"Phomopsis sp. 129SD/L 18S ribosomal RNA gene, internal transcribed spacer 1, 5.8S ribosomal RNA gene, internal transcribed spacer 2, and 28S ribosomal RNA gene, region",528,535,99
108,,MAC-16-38,,,ITS,ITS-5,ITS-4,Yes,13/03/2018,average,Olumide Isolates,,523,539,M13R,AF001023.2,"Diaporthe phaseolorum strain AK25A internal transcribed spacer 1, 5.8S ribosomal RNA gene, and internal transcribed spacer 2, complete sequence",531,536,99
